RossieLinkie65,"['50230', '49419', '54117', '32188', '38940']"
MechellePerks87,"['3622', '42971', '6768', '54256', '11391']"
NorthFrodsam15,"['12199', '4111', '34204', '48551', '42470']"
FiannRaxworthy7,"['48222', '39042', '6154', '25298', '3367']"
FelizaAries13,"['36510', '9866', '23440', '8114', '22808']"
MellicentSearl42,"['24365', '42677', '45376', '1404', '49993']"
WilowKas42,"['40514', '19878', '40576', '45140', '17757']"
DorotheeFautley27,"['39319', '4538', '30206', '5580', '12684']"
BabbieGiraths83,"['47566', '32160', '50468', '35541', '46668']"
GrangeRosie74,"['44552', '48096', '6844', '34781', '4368']"
MaximilianAucock53,"['15392', '45596', '15473', '44162', '18685']"
CarolinaPablos67,"['19226', '42532', '25176', '35921', '3026']"
AnatolaBellam72,"['7831', '38737', '43784', '3346', '43442']"
EdythMcAllen54,"['18196', '16936', '14806', '6731', '12569']"
NickieRotter3,"['37470', '50879', '41845', '38246', '5979']"
GussiDuggary3,"['9793', '44786', '7544', '41422', '49720']"
JohnnaMcCoughan68,"['33836', '11080', '30819', '33241', '35424']"
ValareeChifney86,"['11300', '51870', '36252', '30620', '21611']"
FlossiTreweke50,"['32280', '43691', '44771', '42896', '43628']"
MarioCronk19,"['40863', '29766', '24837', '37938', '46784']"
SimoneBarnett8,"['48412', '46575', '15604', '54155', '25121']"
TamqrahShillitto38,"['1909', '42124', '53273', '46328', '52208']"
GiffordHeads64,"['19228', '3872', '29842', '62', '42682']"
ShelbiGuilleton66,"['17609', '28423', '19438', '27327', '26649']"
ReinhardMcShane73,"['36137', '36804', '21755', '40137', '7258']"
SuzannMcWilliam87,"['54423', '11021', '19227', '18069', '51159']"
AudryClifton99,"['39635', '2546', '11657', '26654', '12493']"
FarrandChurch29,"['16914', '50688', '47153', '31895', '52112']"
ClintWilleman20,"['48016', '10192', '19286', '5741', '29']"
FrankieD'Alwis94,"['29285', '5007', '50117', '37918', '42275']"
TimHabergham2,"['44111', '33220', '42756', '26231', '25387']"
SaleemPicknett54,"['39942', '22460', '21335', '12711', '54774']"
DerwinWhyard27,"['20285', '10840', '27273', '51088', '6083']"
TommieStolli37,"['3751', '15690', '42580', '38389', '20891']"
TheoCorten18,"['20209', '32944', '13230', '32683', '12948']"
LaneyDyne76,"['49784', '43179', '17597', '10946', '16643']"
DerwinRudledge46,"['35973', '24748', '52464', '25204', '43736']"
DaltZannini40,"['46360', '6933', '7637', '54883', '40910']"
DerekYakobowitz64,"['19450', '3271', '39126', '48792', '1798']"
EveyPeckitt32,"['42661', '6138', '50511', '44533', '50194']"
